{"cameraMode":{"drawMode":0,"name":"Shaded","section":"Shading Mode"},"sceneLighting":true,"audioPlay":false,"sceneViewState":{"showFog":true,"showMaterialUpdate":false,"showSkybox":true,"showFlares":true,"showImageEffects":true,"showParticleSystems":true},"in2DMode":false,"pivot":{"x":0.5842423439025879,"y":3.120532989501953,"z":0.08616752922534943},"rotation":{"x":-0.269369900226593,"y":-0.6478347182273865,"z":0.2648685872554779,"w":-0.6618198156356812},"size":3.6422781944274904,"orthographic":false}