{"cameraMode":{"drawMode":0,"name":"Shaded","section":"Shading Mode"},"sceneLighting":true,"audioPlay":false,"sceneViewState":{"showFog":true,"showMaterialUpdate":false,"showSkybox":true,"showFlares":true,"showImageEffects":true,"showParticleSystems":true},"in2DMode":false,"pivot":{"x":-0.2914302349090576,"y":1.2132682800292969,"z":-0.5031160712242127},"rotation":{"x":-0.3872668147087097,"y":-0.08196043968200684,"z":0.03467012196779251,"w":-0.9177560806274414},"size":0.3633691966533661,"orthographic":false}